Number,Question,Answer,TimeStart,TimeEnd
1,Why do we need machine learning?,"We need machine learning because there are problems for which it is very difficult to write programs. For example, recognizing a three-dimensional object from a novel viewpoint in new lighting conditions in a cluttered scene is very challenging to program manually. Even if we could write such a program, it might be horrendously complicated. Machine learning allows us to create models that can handle these tasks by learning from examples.",0:00:10,0:00:38
2,What is an example of a challenging problem for programming?,"One example of a challenging problem is detecting a fraudulent credit card transaction, where simple and reliable rules may not exist. This problem requires combining a large number of weak rules, which is hard to implement as a traditional program.",0:00:25,0:01:18
3,What does the machine learning approach involve?,"Instead of writing a program by hand for each specific task, the machine learning approach involves collecting a lot of examples that specify the correct output for a given input. A machine learning algorithm then takes these examples and produces a program that does the job, which may look very different from a typical handwritten program.",0:01:23,0:01:37
4,What makes machine learning programs different from handwritten programs?,"Machine learning programs may contain millions of numbers that represent weights for different kinds of evidence. If done correctly, the program will work for new cases as well as the ones it was trained on, and can be updated easily if the data changes.",0:01:40,0:02:20
5,What are some tasks best solved by using a learning algorithm?,"Tasks such as recognizing patterns like objects in real scenes, facial identities or expressions, spoken words, and anomalies like unusual credit card transactions or sensor readings in a nuclear power plant are best solved by using a learning algorithm.",0:02:23,0:02:48
6,"What is MNIST, and why is it used in machine learning?","The MNIST database of handwritten digits is like the fruit fly of machine learning. It is publicly available, easy to learn, and we know a huge amount about how various machine learning methods perform on MNIST. It is used as a standard task to test and compare machine learning algorithms.",0:03:51,0:04:29
7,How does the machine learning coding approach adapt to changing data?,"If the data changes, the machine learning approach allows the program to be updated relatively easily by retraining it on the new data. This adaptability is a key advantage of machine learning over traditional programming.",0:02:02,0:02:07
8,What is the significance of the deep neural networks developed by George Dahl and Abdel-rahman Mohamed?,Deep neural networks developed by George Dahl and Abdel-rahman Mohamed replaced the previous machine learning method for the acoustic model in speech recognition systems. They have been shown to outperform earlier models and are now being used in practical systems.,0:10:41,0:10:54
9,How did the new deep neural network models perform in speech recognition tasks compared to previous models?,"The deep neural network models significantly reduced the error rates in speech recognition tasks. For example, Microsoft showed a reduction from 27.4% to 18.5% error rate, and Google reduced the error rate from 16% to 12.3% with much less data.",0:11:57,0:13:14
10,What are the benefits of using machine learning over traditional programming?,"Machine learning can handle tasks that are too complex for traditional programming, such as recognizing objects in images or detecting anomalies in large datasets. It can adapt to new data without manual intervention and can often find patterns that humans might miss.",0:05:41,0:05:49
11,How do deep neural networks improve speech recognition systems?,"Deep neural networks improve speech recognition by using many layers of neurons to model complex patterns in speech data. They have been shown to outperform traditional models in accuracy and efficiency, reducing error rates significantly.",0:09:19,0:10:54
12,What is the significance of the ImageNet task in machine learning?,"The ImageNet task involves recognizing 1,000 different object classes in 1.3 million high-resolution images. It is a benchmark for testing deep neural networks, and success in this task has demonstrated the power of deep learning for object recognition.",0:03:53,0:04:29
13,What are some challenges in handwriting recognition?,"Handwriting recognition is challenging because there are no simple features that all instances of a digit share, making it hard to use traditional template-based methods. Machine learning can learn to recognize variations and nuances in handwriting.",0:04:55,0:05:31
14,Why are deep learning models now more practical to use?,"Deep learning models have become more practical due to the availability of massive amounts of computational power, which is now cheaper than paying someone to write task-specific programs. This allows for the creation of large and complex models.",0:05:39,0:06:55
15,What was the performance improvement in speech recognition achieved by deep neural networks?,"Deep neural networks reduced the error rate in speech recognition tasks from 27.4% to 18.5% in Microsoft's case, and from 16% to 12.3% for Google's system, showing a significant performance improvement over traditional methods.",0:12:04,0:13:02
16,What is supervised learning?,"Supervised learning involves training a machine learning model on a labeled dataset, where the correct output is provided for each input. The model learns to map inputs to the correct outputs and can then generalize this knowledge to new, unseen data.",0:02:59,0:03:12
17,What role do alternative models play in speech recognition systems?,"In speech recognition, alternative models help in identifying different parts of phonemes and constructing plausible sequences of speech. They allow the system to handle variability in pronunciation and background noise.",0:09:54,0:10:19
18,Why is fraud detection challenging for traditional programming?,"Fraud detection is challenging because it requires combining many weak rules that change over time as people find new ways to commit fraud. Traditional programming struggles to adapt to these changes, whereas machine learning can learn and update these rules dynamically.",0:00:55,0:01:18
19,How are machine learning models updated with new data?,"Machine learning models can be updated by retraining them on new data. This process allows the models to adapt to changes in the data distribution and maintain their performance on new, unseen cases.",0:01:52,0:02:07
20,What makes recognizing handwritten digits a good task for machine learning?,"Recognizing handwritten digits is a good task for machine learning because it is a complex problem that requires the model to learn a variety of patterns and features. It is also a well-defined problem with a large amount of available data, such as the MNIST dataset.",0:04:53,0:05:38
